Teams,Total number of matches,Won,Lost,Win percentage,Number of trophies won
CSK,158,93,63,58.86075949,3
MI,186,108,77,58.06451613,5
DC,186,84,106,45.16129032,0
SRH,186,88,96,47.31182796,2
RCB,186,86,94,46.23655914,0
KKR,186,93,89,50,2
KXIP,186,87,99,46.77419355,0
RR,158,78,75,49.36708861,1
KTK,14,6,8,42.85714286,0
PWI,46,12,33,26.08695652,0
GL,28,13,15,46.42857143,0
RPS,28,14,14,50,0
